,RESIDUE,TRUE,PREDICT
0,S,0,0
1,VIHPLQ,2,2
2,N,0,0
3,L,2,2
4,L,0,0
5,TS,2,2
6,R,0,0
7,D,0,0
8,GSLVFAIIKNCILSFKY,2,2
9,Q,0,0
10,S,0,0
11,P,0,0
12,N,0,0
13,H,0,0
14,W,2,2
15,E,0,0
16,F,0,0
17,AG,2,2
18,K,0,0
19,W,2,2
20,S,0,0
21,D,2,2
22,D,0,0
23,F,0,0
24,P,0,1
25,I,0,1
26,Y,0,1
27,SYI,2,2
28,R,0,1
29,N,0,0
30,L,2,2
31,R,0,0
32,LT,2,2
33,S,0,0
34,D,0,0
35,E,2,2
36,S,0,0
37,RLIACAD,2,2
38,S,0,0
39,D,2,2
40,K,0,0
41,SLLVF,2,2
42,D,0,0
43,V,2,2
44,D,0,0
45,K,0,0
46,T,0,0
47,S,0,0
48,K,0,0
49,N,0,0
50,VL,2,2
51,K,0,0
52,L,0,0
53,R,0,0
54,K,0,0
55,R,0,0
56,F,2,2
57,C,0,0
58,F,2,2
59,S,0,0
60,K,0,0
61,RPNAISIA,2,2
62,E,0,0
63,D,0,0
64,D,0,0
65,T,0,0
66,TVIIAD,2,2
67,K,0,0
68,F,0,0
69,G,2,2
70,D,1,0
71,VY,2,2
72,S,0,0
73,I,2,2
74,D,0,0
75,I,2,2
76,N,0,0
77,S,0,0
78,I,0,0
79,P,0,0
80,E,0,0
81,E,0,0
82,K,0,0
83,F,0,0
84,T,0,0
85,Q,0,0
86,E,1,0
87,P,1,1
88,I,0,1
89,L,2,2
90,G,1,1
91,H,2,2
92,V,1,1
93,S,2,2
94,M,0,1
95,LTDV,2,2
96,H,0,1
97,LI,2,2
98,K,0,1
99,D,2,2
100,S,0,0
101,D,1,1
102,G,0,1
103,H,1,1
104,QFIITSD,2,2
105,R,0,1
106,D,1,1
107,E,1,1
108,H,1,1
109,IKIS,2,2
110,H,1,1
111,Y,2,2
112,P,0,1
113,Q,1,1
114,C,2,2
115,F,1,1
116,I,1,1
117,V,1,1
118,D,1,1
119,K,1,1
120,W,1,1
121,L,2,2
122,F,1,1
123,G,1,1
124,H,2,2
125,K,1,1
126,H,0,0
127,FVSSIC,2,2
128,C,0,0
129,G,0,0
130,K,0,0
131,D,0,0
132,YLLLSAGGD,2,2
133,D,0,0
134,K,0,0
135,IFAWDW,2,2
136,K,0,0
137,T,0,0
138,G,0,0
139,K,0,0
140,N,0,0
141,L,0,0
142,S,2,2
143,T,0,0
144,F,2,2
145,D,0,0
146,Y,2,2
147,N,0,0
148,S,0,0
149,L,0,0
150,I,2,2
151,K,0,0
152,P,0,0
153,Y,0,0
154,L,2,2
155,N,0,0
156,D,0,0
157,Q,0,0
158,H,0,0
159,L,2,2
160,A,0,0
161,P,0,0
162,I,0,0
163,I,0,0
164,E,0,0
165,FAV,2,2
166,S,0,0
167,K,0,0
168,I,2,2
169,I,0,0
170,K,0,0
171,S,2,2
172,K,0,0
173,N,0,0
174,L,0,0
175,P,0,0
176,FVAFFVEAT,2,2
177,K,0,0
178,CIIIL,2,2
179,E,0,0
180,M,2,2
181,S,0,0
182,E,0,0
183,K,0,0
184,Q,0,0
185,K,0,0
186,G,2,2
187,D,0,0
188,L,2,2
189,A,0,0
190,L,0,0
191,K,0,0
192,Q,2,2
193,I,0,0
194,I,2,2
195,T,0,0
196,F,2,2
197,P,0,0
198,Y,0,0
199,NVISLS,2,2
200,A,0,0
201,H,2,2
202,N,0,0
203,D,0,0
204,EFQVTLDN,2,2
205,K,0,0
206,E,0,0
207,S,0,0
208,S,0,0
209,G,0,0
210,V,0,0
211,Q,2,2
212,K,0,0
213,NFAKFI,2,2
214,E,0,0
215,Y,2,2
216,N,0,0
217,L,0,0
218,N,0,0
219,E,0,0
220,N,0,0
221,S,0,0
222,F,2,2
223,V,0,0
224,V,0,0
225,N,2,2
226,N,0,0
227,E,0,0
228,KS,2,2
229,N,0,0
230,E,0,0
231,FD,2,2
232,S,0,0
233,AI,2,2
234,I,0,0
235,Q,0,0
236,SV,2,2
237,Q,0,0
238,G,0,0
239,D,2,2
240,S,0,0
241,N,0,0
242,LVT,2,2
243,K,0,0
244,K,0,0
245,E,0,0
246,E,0,0
247,IY,2,2
248,P,0,0
249,LY,2,2
250,N,0,0
251,V,2,2
252,S,0,0
253,S,0,0
254,L,0,0
